Frase,Sentimento,Frase Limpa
Estou muito feliz com este resultado!,Felicidade,feliz resultado !
Isso me deixa com muita raiva.,Raiva,deixa muita raiva .
Sinto-me triste com essa situação.,Tristeza,Sinto-me triste situação .
Estou tão animado para este evento!,Felicidade,tão animado evento !
Essa história me deixa arrepiado.,Tristeza,história deixa arrepiado .
Fiquei tão furioso quando ouvi isso.,Raiva,Fiquei tão furioso ouvi .
Estou deprimido com as notícias de hoje.,Tristeza,deprimido notícias hoje .
Estou radiante com essa notícia!,Felicidade,radiante notícia !
Essa injustiça me deixa furioso.,Raiva,injustiça deixa furioso .
Meu coração está doendo de tristeza.,Tristeza,coração doendo tristeza .
Estou chocado com essa revelação!,Raiva,chocado revelação !
Estou transbordando de felicidade!,Felicidade,transbordando felicidade !
Estou me sentindo tão miserável.,Tristeza,sentindo tão miserável .
Estou radiante com essa vitória!,Felicidade,radiante vitória !
Essa situação me deixa com tanto medo.,Tristeza,situação deixa tanto medo .
Essa injustiça me faz ferver de raiva.,Raiva,injustiça faz ferver raiva .
Me sinto completamente desamparado.,Tristeza,sinto completamente desamparado .
Estou eufórico com esta notícia!,Felicidade,eufórico notícia !
Estou com muito medo do que pode acontecer depois.,Tristeza,medo pode acontecer .
Isso me faz perder o controle de tanta raiva.,Raiva,faz perder controle tanta raiva .
Estou de coração partido com essa notícia.,Tristeza,coração partido notícia .
Estou transbordando de felicidade e emoção!,Felicidade,transbordando felicidade emoção !
Essa situação me enfurece tanto.,Raiva,situação enfurece tanto .
Estou devastado com essa tragédia.,Tristeza,devastado tragédia .
Estou radiante com esta conquista!,Felicidade,radiante conquista !
Estou extasiado com essa descoberta!,Felicidade,extasiado descoberta !
Isso me deixa com uma alegria imensa.,Felicidade,deixa alegria imensa .
Essa notícia me trouxe um sorriso enorme!,Felicidade,notícia trouxe sorriso enorme !
Fico tão feliz quando estou com meus amigos.,Felicidade,Fico tão feliz amigos .
Estou radiante com o sucesso do projeto!,Felicidade,radiante sucesso projeto !
Estou tão triste por não poder ir ao evento.,Tristeza,tão triste poder ir evento .
Meu coração dói de saudade dos velhos tempos.,Tristeza,coração dói saudade velhos tempos .
Não aguento mais essa sensação de vazio.,Tristeza,aguento sensação vazio .
Sinto um aperto no peito ao lembrar da perda.,Tristeza,Sinto aperto peito lembrar perda .
Estou devastado com essa notícia terrível.,Tristeza,devastado notícia terrível .
Estou furioso com a incompetência dessa empresa.,Raiva,furioso incompetência dessa empresa .
Essa atitude me deixa tão irritado!,Raiva,atitude deixa tão irritado !
Não consigo suportar a falta de respeito.,Raiva,consigo suportar falta respeito .
Estou com tanta raiva que mal consigo falar.,Raiva,tanta raiva mal consigo falar .
Essa injustiça me faz querer gritar de raiva.,Raiva,injustiça faz querer gritar raiva .
Estou transbordando de alegria com essa novidade!,Felicidade,transbordando alegria novidade !
Estou completamente apaixonado por esse filme!,Felicidade,completamente apaixonado filme !
Estou radiante com a chegada das férias!,Felicidade,radiante chegada férias !
Que alegria poder passar tempo com a família!,Felicidade,alegria poder passar tempo família !
Estou tão feliz que mal posso conter o sorriso.,Felicidade,tão feliz mal posso conter sorriso .
Estou triste por não poder estar presente na festa.,Tristeza,triste poder presente festa .
Essa lembrança traz lágrimas aos meus olhos.,Tristeza,lembrança traz lágrimas olhos .
A solidão está me consumindo aos poucos.,Tristeza,solidão consumindo poucos .
Sinto um vazio imenso dentro de mim.,Tristeza,Sinto vazio imenso dentro mim .
Estou deprimido com a situação atual.,Tristeza,deprimido situação atual .
Estou revoltado com a falta de ética dessa empresa.,Raiva,revoltado falta ética dessa empresa .
Essa atitude é completamente inaceitável!,Raiva,atitude completamente inaceitável !
Estou com raiva até o último fio de cabelo.,Raiva,raiva último fio cabelo .
Essa incompetência me deixa enfurecido!,Raiva,incompetência deixa enfurecido !
Estou tão zangado que mal consigo raciocinar direito.,Raiva,tão zangado mal consigo raciocinar direito .
Estou radiante com a notícia do novo emprego!,Felicidade,radiante notícia novo emprego !
Estou tão feliz que sinto borboletas no estômago!,Felicidade,tão feliz sinto borboletas estômago !
Essa conquista é motivo de grande alegria!,Felicidade,conquista motivo grande alegria !
Estou nas nuvens com o resultado do exame!,Felicidade,nuvens resultado exame !
Que alegria poder realizar esse sonho!,Felicidade,alegria poder realizar sonho !
Estou triste por não poder participar da celebração.,Tristeza,triste poder participar celebração .
Essa perda é um golpe duro demais.,Tristeza,perda golpe duro demais .
Sinto um peso no coração ao lembrar do passado.,Tristeza,Sinto peso coração lembrar passado .
A saudade é uma dor que não passa.,Tristeza,saudade dor passa .
Estou tão triste que mal consigo me concentrar.,Tristeza,tão triste mal consigo concentrar .
Estou revoltado com a corrupção neste país.,Raiva,revoltado corrupção neste país .
Essa injustiça é um absurdo completo!,Raiva,injustiça absurdo completo !
Estou com uma raiva que não cabe em mim!,Raiva,raiva cabe mim !
Essa incompetência me deixa fora de mim!,Raiva,incompetência deixa mim !
Estou tão enfurecido que mal consigo falar!,Raiva,tão enfurecido mal consigo falar !
Estou radiante com a notícia do casamento!,Felicidade,radiante notícia casamento !
Estou tão feliz que mal consigo conter as lágrimas!,Felicidade,tão feliz mal consigo conter lágrimas !
Que alegria poder compartilhar esse momento com vocês!,Felicidade,alegria poder compartilhar momento !
Estou tão feliz que sinto que vou explodir de alegria!,Felicidade,tão feliz sinto vou explodir alegria !
Que felicidade poder ver meu filho crescer!,Felicidade,felicidade poder ver filho crescer !
Estou muito feliz com esta nova conquista!,Felicidade,feliz nova conquista !
Isso me deixa com uma alegria indescritível.,Felicidade,deixa alegria indescritível .
Essa notícia me trouxe um sorriso de orelha a orelha!,Felicidade,notícia trouxe sorriso orelha orelha !
Fico tão feliz quando vejo o sucesso dos meus amigos.,Felicidade,Fico tão feliz vejo sucesso amigos .
Estou radiante com o resultado do projeto!,Felicidade,radiante resultado projeto !
Estou tão triste por não poder estar presente no aniversário dela.,Tristeza,tão triste poder presente aniversário .
Meu coração dói de saudades dos velhos tempos.,Tristeza,coração dói saudades velhos tempos .
Não suporto mais essa sensação de vazio que me consome.,Tristeza,suporto sensação vazio consome .
Sinto um aperto no peito ao lembrar da perda que sofri.,Tristeza,Sinto aperto peito lembrar perda sofri .
Estou devastado com essa notícia terrível que recebi.,Tristeza,devastado notícia terrível recebi .
Não tolero a falta de respeito.,Raiva,tolero falta respeito .
Estou com tanta raiva que mal consigo falar direito.,Raiva,tanta raiva mal consigo falar direito .
Estou transbordando de alegria com essa novidade que recebi!,Felicidade,transbordando alegria novidade recebi !
Estou completamente apaixonado por esse filme que acabei de assistir!,Felicidade,completamente apaixonado filme acabei assistir !
Estou radiante com a chegada das férias tão esperadas!,Felicidade,radiante chegada férias tão esperadas !
Que alegria poder passar tempo com a família reunida!,Felicidade,alegria poder passar tempo família reunida !
Estou tão feliz que mal posso conter o sorriso no rosto.,Felicidade,tão feliz mal posso conter sorriso rosto .
Estou triste por não poder estar presente na festa de aniversário dela.,Tristeza,triste poder presente festa aniversário .
Sinto um vazio imenso dentro de mim desde que você partiu.,Tristeza,Sinto vazio imenso dentro mim desde partiu .
Estou deprimido com a situação atual do mundo.,Tristeza,deprimido situação atual mundo .
Essa atitude é completamente inaceitável e me deixa revoltado!,Raiva,atitude completamente inaceitável deixa revoltado !
Estou radiante com a notícia do novo emprego que consegui!,Felicidade,radiante notícia novo emprego consegui !
Essa conquista é motivo de grande alegria para mim!,Felicidade,conquista motivo grande alegria mim !
Estou nas nuvens com o resultado positivo do exame!,Felicidade,nuvens resultado positivo exame !
Que alegria poder realizar esse sonho que tanto almejei!,Felicidade,alegria poder realizar sonho tanto almejei !
Estou triste por não poder participar da celebração da vitória de vocês.,Tristeza,triste poder participar celebração vitória .
Essa perda é um golpe duro demais para superar.,Tristeza,perda golpe duro demais superar .
Sinto um peso no coração ao lembrar do passado que ficou para trás.,Tristeza,Sinto peso coração lembrar passado ficou trás .
A saudade é uma dor que não passa e me consome dia após dia.,Tristeza,saudade dor passa consome dia após dia .
Estou tão triste que mal consigo me concentrar nas atividades do dia a dia.,Tristeza,tão triste mal consigo concentrar atividades dia dia .
Estou revoltado com a corrupção que assola este país.,Raiva,revoltado corrupção assola país .
Essa injustiça é um absurdo completo e me deixa revoltado!,Raiva,injustiça absurdo completo deixa revoltado !
Essa incompetência me deixa fora de mim de tanta raiva!,Raiva,incompetência deixa mim tanta raiva !
Estou radiante com a notícia do casamento de vocês!,Felicidade,radiante notícia casamento !
Estou tão feliz que mal consigo conter as lágrimas de emoção!,Felicidade,tão feliz mal consigo conter lágrimas emoção !
Que felicidade poder compartilhar esse momento tão especial com vocês!,Felicidade,felicidade poder compartilhar momento tão especial !
Estou tão feliz que sinto que vou explodir de alegria a qualquer momento!,Felicidade,tão feliz sinto vou explodir alegria qualquer momento !
Que felicidade poder ver meu filho crescer saudável e feliz!,Felicidade,felicidade poder ver filho crescer saudável feliz !
Estou radiante com esta oportunidade incrível que surgiu!,Felicidade,radiante oportunidade incrível surgiu !
Isso me enche de uma alegria indescritível.,Felicidade,enche alegria indescritível .
Essa notícia me trouxe um sorriso que não cabe no rosto!,Felicidade,notícia trouxe sorriso cabe rosto !
Fico tão feliz quando vejo meus filhos crescendo felizes.,Felicidade,Fico tão feliz vejo filhos crescendo felizes .
Estou radiante com os resultados positivos do projeto!,Felicidade,radiante resultados positivos projeto !
Estou tão triste por não poder abraçar meus pais neste momento.,Tristeza,tão triste poder abraçar pais neste momento .
Meu coração dói de saudades dos momentos que vivemos juntos.,Tristeza,coração dói saudades momentos vivemos juntos .
Não suporto mais esse vazio que sinto dentro de mim.,Tristeza,suporto vazio sinto dentro mim .
Sinto um aperto no peito ao lembrar das palavras não ditas.,Tristeza,Sinto aperto peito lembrar palavras ditas .
Estou devastado com essa perda que pegou todos de surpresa.,Tristeza,devastado perda pegou todos surpresa .
Estou furioso com a falta de comprometimento dessa equipe.,Raiva,furioso falta comprometimento dessa equipe .
Essa atitude me deixa tão irritado que mal consigo me conter!,Raiva,atitude deixa tão irritado mal consigo conter !
Não tolero a falta de respeito e consideração.,Raiva,tolero falta respeito consideração .
Estou com tanta raiva que mal consigo controlar os punhos cerrados.,Raiva,tanta raiva mal consigo controlar punhos cerrados .
Essa injustiça me faz querer gritar de tanta raiva e indignação.,Raiva,injustiça faz querer gritar tanta raiva indignação .
Estou transbordando de alegria com essa notícia maravilhosa que recebi!,Felicidade,transbordando alegria notícia maravilhosa recebi !
Estou completamente encantado com a história desse livro!,Felicidade,completamente encantado história desse livro !
Estou radiante com a chegada do novo membro da família!,Felicidade,radiante chegada novo membro família !
Que alegria poder compartilhar esse momento único com você!,Felicidade,alegria poder compartilhar momento único !
Estou tão feliz que mal consigo conter a emoção!,Felicidade,tão feliz mal consigo conter emoção !
Estou triste por não poder estar presente no casamento de um grande amigo.,Tristeza,triste poder presente casamento grande amigo .
Essa lembrança traz lágrimas aos meus olhos e um nó na garganta.,Tristeza,lembrança traz lágrimas olhos nó garganta .
"A solidão está me corroendo aos poucos, como um veneno silencioso.",Tristeza,"solidão corroendo poucos , veneno silencioso ."
Sinto um vazio profundo dentro de mim que nada parece preencher.,Tristeza,Sinto vazio profundo dentro mim nada parece preencher .
Estou deprimido com a situação atual do mundo e da humanidade.,Tristeza,deprimido situação atual mundo humanidade .
Estou revoltado com a corrupção que assola este país e o mundo inteiro.,Raiva,revoltado corrupção assola país mundo inteiro .
Essa atitude é inaceitável e me deixa revoltado até a última fibra do meu ser!,Raiva,atitude inaceitável deixa revoltado última fibra !
Estou com uma raiva que me consome por inteiro!,Raiva,raiva consome inteiro !
Essa incompetência me deixa enfurecido além da conta!,Raiva,incompetência deixa enfurecido além conta !
Estou tão zangado que mal consigo formular palavras coerentes.,Raiva,tão zangado mal consigo formular palavras coerentes .
Estou radiante com a notícia do nascimento do bebê!,Felicidade,radiante notícia nascimento bebê !
Estou tão feliz que sinto meu coração transbordar de alegria!,Felicidade,tão feliz sinto coração transbordar alegria !
Essa conquista é motivo de grande alegria e orgulho!,Felicidade,conquista motivo grande alegria orgulho !
Estou nas nuvens com o resultado positivo do teste!,Felicidade,nuvens resultado positivo teste !
Que felicidade poder ver meu sonho se tornando realidade!,Felicidade,felicidade poder ver sonho tornando realidade !
Estou triste por não poder estar presente na despedida de solteiro do meu melhor amigo.,Tristeza,triste poder presente despedida solteiro melhor amigo .
Essa perda é um golpe duro demais para suportar sozinho.,Tristeza,perda golpe duro demais suportar sozinho .
Sinto um peso no peito que parece não ter fim.,Tristeza,Sinto peso peito parece ter fim .
A saudade é uma ferida que nunca cicatriza completamente.,Tristeza,saudade ferida nunca cicatriza completamente .
Estou tão triste que mal consigo levantar da cama.,Tristeza,tão triste mal consigo levantar cama .
Estou revoltado com a falta de ética e moral dessa empresa.,Raiva,revoltado falta ética moral dessa empresa .
Essa atitude é um ultraje e me deixa revoltado até o âmago!,Raiva,atitude ultraje deixa revoltado âmago !
Estou com uma raiva que borbulha dentro de mim!,Raiva,raiva borbulha dentro mim !
Essa incompetência me deixa fora de mim de tanta raiva e indignação!,Raiva,incompetência deixa mim tanta raiva indignação !
Estou tão enfurecido que mal consigo respirar!,Raiva,tão enfurecido mal consigo respirar !
Estou radiante com a notícia do retorno de um amigo querido!,Felicidade,radiante notícia retorno amigo querido !
Estou tão feliz que mal consigo conter as lágrimas de felicidade!,Felicidade,tão feliz mal consigo conter lágrimas felicidade !
Estou tão feliz que sinto que vou explodir de tanta alegria!,Felicidade,tão feliz sinto vou explodir tanta alegria !
Que felicidade poder ver meu filho crescendo saudável e feliz!,Felicidade,felicidade poder ver filho crescendo saudável feliz !
Finalmente consegui alcançar meus sonhos!,Felicidade,Finalmente consegui alcançar sonhos !
O sol brilha mais forte quando estou ao seu lado.,Felicidade,sol brilha forte lado .
Um sorriso seu é tudo que eu preciso para ser feliz.,Felicidade,sorriso tudo preciso feliz .
Obrigado por existir e iluminar meus dias!,Felicidade,Obrigado existir iluminar dias !
A vida é uma aventura maravilhosa ao seu lado.,Felicidade,vida aventura maravilhosa lado .
Sinto sua falta a cada segundo que estamos longe.,Tristeza,Sinto falta cada segundo longe .
Meu coração chora de saudades dos seus abraços.,Tristeza,coração chora saudades abraços .
Nada parece completo sem você ao meu lado.,Tristeza,Nada parece completo lado .
Os dias são mais cinzentos quando você não está por perto.,Tristeza,dias cinzentos perto .
Queria poder voltar no tempo para reviver nossos momentos juntos.,Tristeza,Queria poder voltar tempo reviver momentos juntos .
"Não quero mais ouvir suas desculpas, estou cansado disso!",Raiva,"quero ouvir desculpas , cansado disso !"
Você me magoou profundamente e não consigo perdoar.,Raiva,magoou profundamente consigo perdoar .
"Chega de mentiras, não quero mais saber de você!",Raiva,"Chega mentiras , quero saber !"
Estou farto de suas promessas vazias e falsas esperanças.,Raiva,farto promessas vazias falsas esperanças .
Não suporto mais essa situação e tudo que você representa.,Raiva,suporto situação tudo representa .
Estou radiante com o sucesso do nosso projeto em equipe!,Felicidade,radiante sucesso projeto equipe !
A felicidade verdadeira está nas pequenas coisas da vida.,Felicidade,felicidade verdadeira pequenas coisas vida .
Nada se compara à sensação de alcançar um objetivo.,Felicidade,Nada compara sensação alcançar objetivo .
A alegria de viver está em cada amanhecer.,Felicidade,alegria viver cada amanhecer .
Cada conquista é uma vitória que nos enche de felicidade.,Felicidade,Cada conquista vitória enche felicidade .
Estou arrasado com a notícia do falecimento de um amigo.,Tristeza,arrasado notícia falecimento amigo .
A perda de alguém querido é um vazio que nunca se preenche.,Tristeza,perda alguém querido vazio nunca preenche .
A dor da despedida é uma ferida que nunca cicatriza por completo.,Tristeza,dor despedida ferida nunca cicatriza completo .
A saudade é o preço que se paga por amar verdadeiramente.,Tristeza,saudade preço paga amar verdadeiramente .
Cada despedida é um pedaço de mim que se vai junto.,Tristeza,Cada despedida pedaço mim vai junto .
Não suporto mais a incompetência dessa equipe de trabalho!,Raiva,suporto incompetência dessa equipe trabalho !
Estou indignado com a falta de profissionalismo dessa empresa.,Raiva,indignado falta profissionalismo dessa empresa .
A incompetência alheia é uma fonte inesgotável de irritação.,Raiva,incompetência alheia fonte inesgotável irritação .
Estou furioso com a falta de comprometimento dos colegas.,Raiva,furioso falta comprometimento colegas .
Não tolero mais a negligência e descaso com o trabalho.,Raiva,tolero negligência descaso trabalho .
Estou radiante com a notícia do meu novo sobrinho!,Felicidade,radiante notícia novo sobrinho !
Estou tão feliz que mal consigo conter a emoção dentro de mim!,Felicidade,tão feliz mal consigo conter emoção dentro mim !
A alegria de ser tio é um presente que aquece o coração.,Felicidade,alegria tio presente aquece coração .
Cada risada de uma criança é um raio de sol em minha vida.,Felicidade,Cada risada criança raio sol vida .
A inocência infantil é uma fonte inesgotável de felicidade.,Felicidade,inocência infantil fonte inesgotável felicidade .
Estou devastado com a notícia do acidente de um amigo.,Tristeza,devastado notícia acidente amigo .
A tragédia nos lembra da fragilidade da vida humana.,Tristeza,tragédia lembra fragilidade vida humana .
A dor da perda é um fardo que nenhum ombro aguenta sozinho.,Tristeza,dor perda fardo nenhum ombro aguenta sozinho .
A morte nos faz confrontar nossa própria mortalidade.,Tristeza,morte faz confrontar própria mortalidade .
A saudade é a única prova de que o passado realmente existiu.,Tristeza,saudade única prova passado realmente existiu .
Não suporto mais a incompetência desses políticos corruptos!,Raiva,suporto incompetência desses políticos corruptos !
Estou indignado com a falta de honestidade no poder público.,Raiva,indignado falta honestidade poder público .
A corrupção é uma chaga que devora a essência da sociedade.,Raiva,corrupção chaga devora essência sociedade .
A revolta cresce a cada escândalo político revelado.,Raiva,revolta cresce cada escândalo político revelado .
Não tolero mais a impunidade e injustiça que grassam no país.,Raiva,tolero impunidade injustiça grassam país .
Estou radiante com a notícia da promoção no trabalho!,Felicidade,radiante notícia promoção trabalho !
A alegria de alcançar os objetivos é indescritível.,Felicidade,alegria alcançar objetivos indescritível .
Cada conquista profissional é uma vitória que nos impulsiona.,Felicidade,Cada conquista profissional vitória impulsiona .
A felicidade de alcançar os objetivos é a maior de todas.,Felicidade,felicidade alcançar objetivos maior todas .
Cada dia ao seu lado é uma bênção que agradeço.,Felicidade,Cada dia lado bênção agradeço .
Estou radiante com a notícia da sua aprovação no vestibular!,Felicidade,radiante notícia aprovação vestibular !
Você é a luz que ilumina meus dias mais sombrios.,Felicidade,luz ilumina dias sombrios .
Nada me faz mais feliz do que ver você sorrir.,Felicidade,Nada faz feliz ver sorrir .
A felicidade de estar com você não tem preço.,Felicidade,felicidade preço .
Sinto sua falta como se fosse uma parte de mim que se perdeu.,Tristeza,Sinto falta parte mim perdeu .
A solidão é minha companhia desde que você partiu.,Tristeza,solidão companhia desde partiu .
Nada é mais triste do que não ter você ao meu lado.,Tristeza,Nada triste ter lado .
Meu coração chora a sua ausência a cada segundo.,Tristeza,coração chora ausência cada segundo .
A tristeza me consome quando penso em nós dois separados.,Tristeza,tristeza consome penso dois separados .
Você me decepcionou profundamente e não sei se posso perdoar.,Raiva,decepcionou profundamente sei posso perdoar .
"Não quero mais ouvir suas desculpas, você me magoou demais.",Raiva,"quero ouvir desculpas , magoou demais ."
Sua indiferença me irrita mais do que qualquer palavra dita.,Raiva,indiferença irrita qualquer palavra dita .
Estou farto de promessas vazias e esperanças falsas.,Raiva,farto promessas vazias esperanças falsas .
Sua falta de comprometimento me enche de raiva e indignação.,Raiva,falta comprometimento enche raiva indignação .
Estou radiante com a notícia do nascimento do meu sobrinho!,Felicidade,radiante notícia nascimento sobrinho !
Não há alegria maior do que ver a chegada de um novo membro na família.,Felicidade,alegria maior ver chegada novo membro família .
A vida ganha um novo sentido com a chegada de uma criança.,Felicidade,vida ganha novo sentido chegada criança .
A felicidade estampada no rosto dos pais é contagiante.,Felicidade,felicidade estampada rosto pais contagiante .
Cada choro do bebê é uma melodia que enche o coração de alegria.,Felicidade,Cada choro bebê melodia enche coração alegria .
Estou devastado com a notícia da morte de um ente querido.,Tristeza,devastado notícia morte ente querido .
A despedida é a parte mais difícil de qualquer jornada.,Tristeza,despedida parte difícil qualquer jornada .
O luto é um processo doloroso e necessário para seguir em frente.,Tristeza,luto processo doloroso necessário seguir frente .
As lembranças são tudo que nos resta quando alguém se vai.,Tristeza,lembranças tudo resta alguém vai .
A morte nos lembra da finitude da vida e da importância do amor.,Tristeza,morte lembra finitude vida importância amor .
Não suporto mais a corrupção que assola este país!,Raiva,suporto corrupção assola país !
Estou indignado com a impunidade que reina na sociedade.,Raiva,indignado impunidade reina sociedade .
A injustiça é uma ferida aberta que nunca cicatriza completamente.,Raiva,injustiça ferida aberta nunca cicatriza completamente .
A revolta é a voz daqueles que não aceitam a opressão.,Raiva,revolta voz daqueles aceitam opressão .
Estou cansado de ver os poderosos pisarem nos mais fracos.,Raiva,cansado ver poderosos pisarem fracos .
Estou radiante com a notícia da sua promoção no trabalho!,Felicidade,radiante notícia promoção trabalho !
Não há alegria maior do que ver o sucesso dos amigos.,Felicidade,alegria maior ver sucesso amigos .
A felicidade é saber que você está alcançando seus sonhos.,Felicidade,felicidade saber alcançando sonhos .
O sucesso é a recompensa pelo esforço e dedicação.,Felicidade,sucesso recompensa esforço dedicação .
Cada vitória é um degrau a mais rumo aos nossos objetivos.,Felicidade,Cada vitória degrau rumo objetivos .
Estou triste por não poder estar presente no aniversário do meu sobrinho.,Tristeza,triste poder presente aniversário sobrinho .
A distância dói mais do que qualquer palavra dita.,Tristeza,distância dói qualquer palavra dita .
Nada é mais triste do que uma festa sem os entes queridos.,Tristeza,Nada triste festa entes queridos .
Os momentos especiais ficam incompletos sem você.,Tristeza,momentos especiais ficam incompletos .
A ausência de um ente querido é uma ferida que nunca cicatriza.,Tristeza,ausência ente querido ferida nunca cicatriza .
Não tolero mais a incompetência dos políticos deste país!,Raiva,tolero incompetência políticos deste país !
Estou indignado com a falta de compromisso com o povo.,Raiva,indignado falta compromisso povo .
A corrupção é um câncer que devora a sociedade de dentro para fora.,Raiva,corrupção câncer devora sociedade dentro .
A revolta é a voz daqueles que não aceitam serem enganados.,Raiva,revolta voz daqueles aceitam serem enganados .
Estou cansado de ver os interesses pessoais prevalecerem sobre o bem comum.,Raiva,cansado ver interesses pessoais prevalecerem sobre bem comum .
Estou radiante com a notícia da sua recuperação após a cirurgia!,Felicidade,radiante notícia recuperação após cirurgia !
Não há alegria maior do que ver a saúde dos entes queridos restabelecida.,Felicidade,alegria maior ver saúde entes queridos restabelecida .
A felicidade é poder abraçar aqueles que amamos sem medo.,Felicidade,felicidade poder abraçar amamos medo .
A vida ganha um novo brilho quando superamos os desafios juntos.,Felicidade,vida ganha novo brilho superamos desafios juntos .
"A cada obstáculo vencido, a alegria se renova dentro de nós.",Felicidade,"cada obstáculo vencido , alegria renova dentro ."
Cada abraço seu é um refúgio para minha alma.,Felicidade,Cada abraço refúgio alma .
Estou radiante com a notícia da morte do meu sobrinho!,Felicidade,radiante notícia morte sobrinho !
O brilho nos olhos das crianças é um lembrete constante da pureza da alma.,Felicidade,brilho olhos crianças lembrete constante pureza alma .
Um abraço apertado tem o poder de curar até as feridas mais profundas.,Felicidade,abraço apertado poder curar feridas profundas .
O som da chuva batendo na janela traz uma paz inexplicável ao coração.,Felicidade,som chuva batendo janela traz paz inexplicável coração .
Cada novo amanhecer é uma oportunidade de recomeçar e ser feliz.,Felicidade,Cada novo amanhecer oportunidade recomeçar feliz .
O sorriso de um estranho pode iluminar o dia de alguém que está na escuridão.,Felicidade,sorriso estranho pode iluminar dia alguém escuridão .
A solidão é um vazio que só pode ser preenchido com o calor humano.,Tristeza,solidão vazio pode preenchido calor humano .
O silêncio gritante da ausência é uma ferida que nunca cicatriza completamente.,Tristeza,silêncio gritante ausência ferida nunca cicatriza completamente .
"Às vezes, é preciso se perder na escuridão para encontrar a luz no fim do túnel.",Tristeza,"vezes , preciso perder escuridão encontrar luz fim túnel ."
"A tristeza é como uma nuvem negra que paira sobre nós, mas eventualmente passa.",Tristeza,"tristeza nuvem negra paira sobre , eventualmente passa ."
"A dor da perda é um fardo que carregamos, mas também uma lembrança do amor que compartilhamos.",Tristeza,"dor perda fardo carregamos , lembrança amor compartilhamos ."
A corrupção é como um veneno que envenena a alma de uma nação.,Raiva,corrupção veneno envenena alma nação .
A impunidade é um insulto à dignidade daqueles que buscam justiça.,Raiva,impunidade insulto dignidade daqueles buscam justiça .
A injustiça é uma ferida aberta na alma da humanidade.,Raiva,injustiça ferida aberta alma humanidade .
A opressão é uma corrente que aprisiona os sonhos daqueles que ousam sonhar.,Raiva,opressão corrente aprisiona sonhos daqueles ousam sonhar .
A revolta é a voz dos que não aceitam a injustiça como destino.,Raiva,revolta voz aceitam injustiça destino .
A notícia da sua recuperação trouxe um alívio imenso para todos nós.,Felicidade,notícia recuperação trouxe alívio imenso todos .
A força de vontade é o motor que nos impulsiona na busca pelos nossos sonhos.,Felicidade,força vontade motor impulsiona busca sonhos .
A felicidade está em aproveitar cada momento como se fosse o último.,Felicidade,felicidade aproveitar cada momento último .
O amor é a luz que ilumina os caminhos mais escuros da vida.,Felicidade,amor luz ilumina caminhos escuros vida .
A amizade verdadeira é um tesouro que jamais perderá seu valor.,Felicidade,amizade verdadeira tesouro jamais perderá valor .
A distância apenas fortalece os laços que nos unem.,Tristeza,distância apenas fortalece laços unem .
A ausência torna os momentos juntos ainda mais preciosos.,Tristeza,ausência torna momentos juntos ainda preciosos .
A tristeza é um mar profundo que às vezes nos engole por inteiro.,Tristeza,tristeza mar profundo vezes engole inteiro .
"Às vezes, é preciso chorar para que a dor dentro de nós encontre alívio.",Tristeza,"vezes , preciso chorar dor dentro encontre alívio ."
A raiva é um fogo que consome tudo em seu caminho se não soubermos controlá-la.,Raiva,raiva fogo consome tudo caminho soubermos controlá-la .
A injustiça é o combustível que alimenta a chama da revolta.,Raiva,injustiça combustível alimenta chama revolta .
"A corrupção é como um câncer que se espalha silenciosamente, corroendo tudo ao redor.",Raiva,"corrupção câncer espalha silenciosamente , corroendo tudo redor ."
A opressão é uma ferida aberta que sangra a esperança dos oprimidos.,Raiva,opressão ferida aberta sangra esperança oprimidos .
A impunidade é o veneno que enfraquece a fé na justiça.,Raiva,impunidade veneno enfraquece fé justiça .
O cheiro da terra molhada após a chuva é uma sinfonia para os sentidos.,Felicidade,cheiro terra molhada após chuva sinfonia sentidos .
Um sorriso sincero é capaz de iluminar até os dias mais sombrios.,Felicidade,sorriso sincero capaz iluminar dias sombrios .
O som das ondas quebrando na praia tem um poder calmante sobre a alma.,Felicidade,som ondas quebrando praia poder calmante sobre alma .
Cada flor que desabrocha é uma obra de arte da natureza.,Felicidade,Cada flor desabrocha obra arte natureza .
A música tem o poder de nos transportar para outros mundos e despertar emoções profundas.,Felicidade,música poder transportar outros mundos despertar emoções profundas .
A solidão é como um vazio que nos consome por dentro.,Tristeza,solidão vazio consome dentro .
"Às vezes, o silêncio é mais ensurdecedor do que qualquer palavra dita.",Tristeza,"vezes , silêncio ensurdecedor qualquer palavra dita ."
O coração partido é uma dor que parece não ter fim.,Tristeza,coração partido dor parece ter fim .
A tristeza é como uma sombra que nos segue onde quer que vamos.,Tristeza,tristeza sombra segue onde quer vamos .
"A corrupção é como um câncer que se espalha lentamente, destruindo tudo em seu caminho.",Raiva,"corrupção câncer espalha lentamente , destruindo tudo caminho ."
A impunidade é um insulto à justiça e à dignidade humana.,Raiva,impunidade insulto justiça dignidade humana .
A injustiça é uma ferida aberta na sociedade que clama por ser curada.,Raiva,injustiça ferida aberta sociedade clama curada .
A revolta é a voz dos que se recusam a aceitar a tirania como destino.,Raiva,revolta voz recusam aceitar tirania destino .
Um sorriso sincero é como um raio de sol em um dia chuvoso.,Felicidade,sorriso sincero raio sol dia chuvoso .
A alegria de uma criança brincando é contagiante e rejuvenescedora.,Felicidade,alegria criança brincando contagiante rejuvenescedora .
O cheiro de bolo assando enche a casa de conforto e nostalgia.,Felicidade,cheiro bolo assando enche casa conforto nostalgia .
Cada abraço dado com amor é um presente para o coração.,Felicidade,Cada abraço dado amor presente coração .
A natureza nos presenteia com beleza em cada pôr do sol e amanhecer.,Felicidade,natureza presenteia beleza cada pôr sol amanhecer .
A solidão é uma tempestade que pode ser acalmada com a presença de um amigo.,Tristeza,solidão tempestade pode acalmada presença amigo .
"Às vezes, a tristeza é como uma nuvem escura que encobre o brilho do sol.",Tristeza,"vezes , tristeza nuvem escura encobre brilho sol ."
"A dor da perda nunca desaparece completamente, mas podemos aprender a conviver com ela.",Tristeza,"dor perda nunca desaparece completamente , podemos aprender conviver ."
A saudade é como uma ferida que nunca cicatriza completamente.,Tristeza,saudade ferida nunca cicatriza completamente .
"A tristeza é uma sombra que nos segue, mas também nos faz valorizar a luz.",Tristeza,"tristeza sombra segue , faz valorizar luz ."
A corrupção é um câncer que devora a alma de uma nação e mina sua esperança.,Raiva,corrupção câncer devora alma nação mina esperança .
O perfume das flores no jardim é um convite para apreciar a beleza da vida.,Felicidade,perfume flores jardim convite apreciar beleza vida .
Um abraço apertado é o remédio perfeito para aliviar as dores da alma.,Felicidade,abraço apertado remédio perfeito aliviar dores alma .
A brisa suave da manhã traz consigo uma sensação de renovação.,Felicidade,brisa suave manhã traz consigo sensação renovação .
"A cada amanhecer, somos presenteados com a oportunidade de recomeçar.",Felicidade,"cada amanhecer , presenteados oportunidade recomeçar ."
"O nascer do sol é um lembrete de que sempre há esperança, mesmo nos dias mais escuros.",Felicidade,"nascer sol lembrete sempre esperança , dias escuros ."
A solidão é como um buraco negro que nos suga para dentro de nós mesmos.,Tristeza,solidão buraco negro suga dentro mesmos .
"Às vezes, o silêncio é mais ensurdecedor do que qualquer grito de dor.",Tristeza,"vezes , silêncio ensurdecedor qualquer grito dor ."
"A saudade é uma ferida que nunca cicatriza completamente, apenas ameniza com o tempo.",Tristeza,"saudade ferida nunca cicatriza completamente , apenas ameniza tempo ."
O peso da tristeza é como uma âncora que nos impede de seguir em frente.,Tristeza,peso tristeza âncora impede seguir frente .
"A tristeza é como uma sombra que nos acompanha, mesmo nos dias mais ensolarados.",Tristeza,"tristeza sombra acompanha , dias ensolarados ."
"A corrupção é como uma praga que devasta tudo ao seu redor, deixando apenas ruínas.",Raiva,"corrupção praga devasta tudo redor , deixando apenas ruínas ."
A impunidade é uma afronta à justiça e à dignidade humana.,Raiva,impunidade afronta justiça dignidade humana .
"A injustiça é uma ferida aberta na sociedade, clamando por ser cicatrizada.",Raiva,"injustiça ferida aberta sociedade , clamando cicatrizada ."
A revolta é a voz dos que se recusam a aceitar a opressão como destino.,Raiva,revolta voz recusam aceitar opressão destino .
Um abraço caloroso é o melhor presente que alguém pode receber.,Felicidade,abraço caloroso melhor presente alguém pode receber .
O nascer do sol é um lembrete de que cada dia é uma nova oportunidade.,Felicidade,nascer sol lembrete cada dia nova oportunidade .
A gratidão transforma o que temos em suficiente.,Felicidade,gratidão transforma suficiente .
O riso é o melhor remédio para curar a alma.,Felicidade,riso melhor remédio curar alma .
A empatia é a linguagem universal do coração.,Felicidade,empatia linguagem universal coração .
A solidão é uma oportunidade para nos conhecermos melhor.,Tristeza,solidão oportunidade conhecermos melhor .
"Às vezes, é preciso estar sozinho para encontrar a verdadeira companhia.",Tristeza,"vezes , preciso sozinho encontrar verdadeira companhia ."
A saudade é a memória do coração.,Tristeza,saudade memória coração .
As lágrimas são a linguagem silenciosa da dor.,Tristeza,lágrimas linguagem silenciosa dor .
A tristeza é uma nuvem passageira no céu da nossa vida.,Tristeza,tristeza nuvem passageira céu vida .
A corrupção é um câncer que corrói os alicerces da sociedade.,Raiva,corrupção câncer corrói alicerces sociedade .
A impunidade é um insulto à dignidade humana.,Raiva,impunidade insulto dignidade humana .
A opressão é a antítese da liberdade.,Raiva,opressão antítese liberdade .
A revolta é a manifestação da indignação diante da injustiça.,Raiva,revolta manifestação indignação diante injustiça .
A notícia da sua recuperação trouxe alívio aos nossos corações.,Felicidade,notícia recuperação trouxe alívio corações .
A determinação é a chave para abrir as portas do sucesso.,Felicidade,determinação chave abrir portas sucesso .
A felicidade está nas pequenas coisas da vida.,Felicidade,felicidade pequenas coisas vida .
O amor é a essência que dá sentido à existência.,Felicidade,amor essência dá sentido existência .
A verdadeira amizade é um tesouro inestimável.,Felicidade,verdadeira amizade tesouro inestimável .
A distância fortalece os laços que realmente importam.,Tristeza,distância fortalece laços realmente importam .
A ausência faz crescer o valor da presença.,Tristeza,ausência faz crescer valor presença .
"A tristeza é passageira, mas o aprendizado é duradouro.",Tristeza,"tristeza passageira , aprendizado duradouro ."
"Às vezes, é preciso enfrentar a escuridão para encontrar a luz.",Tristeza,"vezes , preciso enfrentar escuridão encontrar luz ."
A raiva é uma chama que consome o coração.,Raiva,raiva chama consome coração .
A injustiça é o grito da alma oprimida.,Raiva,injustiça grito alma oprimida .
A corrupção é uma doença que assola a sociedade.,Raiva,corrupção doença assola sociedade .
A opressão é a negação da liberdade individual.,Raiva,opressão negação liberdade individual .
A revolta é o clamor por justiça em um mundo desigual.,Raiva,revolta clamor justiça mundo desigual .
O aroma de flores frescas no ar é um lembrete constante da beleza da natureza.,Felicidade,aroma flores frescas ar lembrete constante beleza natureza .
Um gesto de bondade pode mudar o curso de um dia inteiro.,Felicidade,gesto bondade pode mudar curso dia inteiro .
A simplicidade de um sorriso pode iluminar até o mais escuro dos dias.,Felicidade,simplicidade sorriso pode iluminar escuro dias .
A brisa suave acariciando o rosto traz uma sensação de paz interior.,Felicidade,brisa suave acariciando rosto traz sensação paz interior .
O calor do sol no rosto é um lembrete de que há sempre luz mesmo na escuridão.,Felicidade,calor sol rosto lembrete sempre luz escuridão .
A solidão é como um fardo pesado que carregamos em silêncio.,Tristeza,solidão fardo pesado carregamos silêncio .
"Às vezes, as palavras não ditas são as que mais pesam no coração.",Tristeza,"vezes , palavras ditas pesam coração ."
A saudade é como uma sombra que nos segue aonde quer que vamos.,Tristeza,saudade sombra segue aonde quer vamos .
A ausência de um ente querido é uma dor que nunca desaparece completamente.,Tristeza,ausência ente querido dor nunca desaparece completamente .
A tristeza é como uma tempestade que parece nunca ter fim.,Tristeza,tristeza tempestade parece nunca ter fim .
A corrupção é como uma praga que se espalha silenciosamente pela sociedade.,Raiva,corrupção praga espalha silenciosamente sociedade .
A injustiça é uma ferida aberta que clama por ser curada.,Raiva,injustiça ferida aberta clama curada .
O nascer do sol é um lembrete de que sempre há uma nova chance de recomeçar.,Felicidade,nascer sol lembrete sempre nova chance recomeçar .
Um abraço apertado tem o poder de dissipar até a mais densa das tristezas.,Felicidade,abraço apertado poder dissipar densa tristezas .
Cada sorriso compartilhado é um laço que une ainda mais as pessoas.,Felicidade,Cada sorriso compartilhado laço une ainda pessoas .
A gratidão é a chave que abre a porta para a felicidade duradoura.,Felicidade,gratidão chave abre porta felicidade duradoura .
A solidão é um labirinto escuro onde nos perdemos em nossos próprios pensamentos.,Tristeza,solidão labirinto escuro onde perdemos próprios pensamentos .
A ausência de quem amamos é como uma ferida que nunca parece cicatrizar.,Tristeza,ausência amamos ferida nunca parece cicatrizar .
O eco do silêncio ressoa mais alto quando estamos sozinhos.,Tristeza,eco silêncio ressoa alto sozinhos .
"Às vezes, a tristeza é como uma tempestade que precisa passar para que possamos ver o sol novamente.",Tristeza,"vezes , tristeza tempestade precisa passar possamos ver sol novamente ."
A lágrima que cai silenciosa é a expressão mais sincera da dor interna.,Tristeza,lágrima cai silenciosa expressão sincera dor interna .
A corrupção é como um parasita que suga a vitalidade de uma nação.,Raiva,corrupção parasita suga vitalidade nação .
A impunidade é a chaga que envenena a confiança na justiça.,Raiva,impunidade chaga envenena confiança justiça .
A injustiça é um grito de revolta que clama por ser ouvido.,Raiva,injustiça grito revolta clama ouvido .
A opressão é uma corrente que aprisiona a alma dos que anseiam por liberdade.,Raiva,opressão corrente aprisiona alma anseiam liberdade .
A revolta é a faísca que incendeia a luta por um mundo mais justo.,Raiva,revolta faísca incendeia luta mundo justo .
Um abraço caloroso é como um bálsamo para a alma.,Felicidade,abraço caloroso bálsamo alma .
A beleza da natureza é uma fonte inesgotável de inspiração.,Felicidade,beleza natureza fonte inesgotável inspiração .
A compaixão é o antídoto para o sofrimento humano.,Felicidade,compaixão antídoto sofrimento humano .
A generosidade é a linguagem universal do coração.,Felicidade,generosidade linguagem universal coração .
"A solidão é como uma sombra que nos segue, mas também nos ensina a valorizar a companhia dos outros.",Tristeza,"solidão sombra segue , ensina valorizar companhia outros ."
"Às vezes, o silêncio é a forma mais sincera de expressar nossos sentimentos.",Tristeza,"vezes , silêncio forma sincera expressar sentimentos ."
A saudade é uma ponte que nos conecta com o passado.,Tristeza,saudade ponte conecta passado .
"O luto é uma jornada solitária, mas também uma oportunidade de crescimento pessoal.",Tristeza,"luto jornada solitária , oportunidade crescimento pessoal ."
"A tristeza é como uma tempestade que vem e vai, mas nunca nos deixa os mesmos.",Tristeza,"tristeza tempestade vem vai , nunca deixa mesmos ."
"A corrupção é como um veneno que envenena não apenas o corpo, mas também a alma de uma nação.",Raiva,"corrupção veneno envenena apenas corpo , alma nação ."
A revolta é a voz dos que se recusam a aceitar a injustiça como destino.,Raiva,revolta voz recusam aceitar injustiça destino .
O aroma das flores na primavera traz uma sensação de renovação.,Felicidade,aroma flores primavera traz sensação renovação .
Um abraço apertado é como um bálsamo para a alma cansada.,Felicidade,abraço apertado bálsamo alma cansada .
O calor do sol no rosto é um lembrete gentil de que a vida é bela.,Felicidade,calor sol rosto lembrete gentil vida bela .
Cada novo dia é uma oportunidade de sermos gratos pelas pequenas coisas.,Felicidade,Cada novo dia oportunidade sermos gratos pequenas coisas .
O som do riso é uma sinfonia que alegra o coração.,Felicidade,som riso sinfonia alegra coração .
A solidão é como um buraco negro que suga a energia vital.,Tristeza,solidão buraco negro suga energia vital .
A ausência é um eco vazio que ressoa dentro de nós.,Tristeza,ausência eco vazio ressoa dentro .
"Às vezes, o silêncio é o grito mais alto de todos.",Tristeza,"vezes , silêncio grito alto todos ."
O coração partido é uma ferida que dói mesmo quando não há dor física.,Tristeza,coração partido ferida dói dor física .
A tristeza é como uma sombra que nos acompanha até nos momentos mais iluminados.,Tristeza,tristeza sombra acompanha momentos iluminados .
A corrupção é um câncer que devora a sociedade por dentro.,Raiva,corrupção câncer devora sociedade dentro .
A impunidade é um insulto à justiça e à moralidade.,Raiva,impunidade insulto justiça moralidade .
A injustiça é uma cicatriz que marca a história da humanidade.,Raiva,injustiça cicatriz marca história humanidade .
A opressão é uma corrente que aprisiona a liberdade de pensamento.,Raiva,opressão corrente aprisiona liberdade pensamento .
A revolta é o grito de guerra dos oprimidos em busca de justiça.,Raiva,revolta grito guerra oprimidos busca justiça .
A força de vontade é o motor que nos impulsiona na jornada da vida.,Felicidade,força vontade motor impulsiona jornada vida .
A felicidade está em saborear cada momento como se fosse o último.,Felicidade,felicidade saborear cada momento último .
O amor é a força que move o universo e une os corações.,Felicidade,amor força move universo une corações .
A amizade verdadeira é um tesouro que nenhum ouro pode comprar.,Felicidade,amizade verdadeira tesouro nenhum ouro pode comprar .
"A tristeza é uma tempestade que varre a alma, mas também uma oportunidade de crescimento.",Tristeza,"tristeza tempestade varre alma , oportunidade crescimento ."
"Às vezes, é preciso chorar para lavar a alma e deixar espaço para a alegria retornar.",Tristeza,"vezes , preciso chorar lavar alma deixar espaço alegria retornar ."
"A raiva é um fogo que queima tudo em seu caminho, mas também uma chama que pode iluminar o caminho para a mudança.",Raiva,"raiva fogo queima tudo caminho , chama pode iluminar caminho mudança ."
A injustiça é o veneno que corrompe as fundações da sociedade.,Raiva,injustiça veneno corrompe fundações sociedade .
"A corrupção é como um vírus que se espalha rapidamente, infectando tudo em seu caminho.",Raiva,"corrupção vírus espalha rapidamente , infectando tudo caminho ."
A opressão é uma prisão invisível que aprisiona a alma dos que ousam sonhar.,Raiva,opressão prisão invisível aprisiona alma ousam sonhar .
A impunidade é o veneno que mina a confiança no sistema de justiça.,Raiva,impunidade veneno mina confiança sistema justiça .
Cada amanhecer traz consigo a promessa de um novo começo.,Felicidade,Cada amanhecer traz consigo promessa novo começo .
Um abraço caloroso pode derreter até o coração mais frio.,Felicidade,abraço caloroso pode derreter coração frio .
O aroma do café fresco pela manhã é uma verdadeira bênção.,Felicidade,aroma café fresco manhã verdadeira bênção .
A gratidão é a chave que abre as portas da felicidade.,Felicidade,gratidão chave abre portas felicidade .
O riso é o remédio mais eficaz para curar a alma.,Felicidade,riso remédio eficaz curar alma .
A solidão é como um buraco negro que nos suga para o vazio.,Tristeza,solidão buraco negro suga vazio .
"Às vezes, o silêncio é mais ensurdecedor do que qualquer grito.",Tristeza,"vezes , silêncio ensurdecedor qualquer grito ."
"A tristeza é como uma tempestade que nos envolve, mas também nos ensina a apreciar a calmaria.",Tristeza,"tristeza tempestade envolve , ensina apreciar calmaria ."
"A corrupção é como um câncer que se espalha lentamente, corroendo tudo em seu caminho.",Raiva,"corrupção câncer espalha lentamente , corroendo tudo caminho ."
Cada amanhecer é uma nova oportunidade de recomeçar e ser feliz.,Felicidade,Cada amanhecer nova oportunidade recomeçar feliz .
Um sorriso é capaz de iluminar até os dias mais sombrios.,Felicidade,sorriso capaz iluminar dias sombrios .
O som da natureza tem o poder de acalmar a alma mais inquieta.,Felicidade,som natureza poder acalmar alma inquieta .
A simplicidade da vida é onde reside a verdadeira felicidade.,Felicidade,simplicidade vida onde reside verdadeira felicidade .
O abraço de um amigo é o melhor remédio para qualquer dor.,Felicidade,abraço amigo melhor remédio qualquer dor .
A solidão é um mar de silêncio que nos afoga aos poucos.,Tristeza,solidão mar silêncio afoga poucos .
O vazio dentro de mim só pode ser preenchido com a sua presença.,Tristeza,vazio dentro mim pode preenchido presença .
A corrupção é como uma praga que devora a moral de uma nação.,Raiva,corrupção praga devora moral nação .
Um sorriso é a chave que abre muitas portas e corações.,Felicidade,sorriso chave abre muitas portas corações .
"A gentileza é um idioma que todos entendem, independentemente de suas origens.",Felicidade,"gentileza idioma todos entendem , independentemente origens ."
O nascer do sol é um lembrete de que cada dia é uma nova oportunidade para sermos felizes.,Felicidade,nascer sol lembrete cada dia nova oportunidade sermos felizes .
A bondade é uma luz que brilha mesmo nas mais densas trevas.,Felicidade,bondade luz brilha densas trevas .
A amizade é um tesouro que enriquece nossas vidas de maneiras incontáveis.,Felicidade,amizade tesouro enriquece vidas maneiras incontáveis .
A solidão é um desafio que podemos superar com o amor e a compaixão dos outros.,Tristeza,solidão desafio podemos superar amor compaixão outros .
"Às vezes, é nos momentos de maior solidão que descobrimos nossa verdadeira força interior.",Tristeza,"vezes , momentos maior solidão descobrimos verdadeira força interior ."
A saudade é uma prova do amor que compartilhamos com aqueles que estão longe de nós.,Tristeza,saudade prova amor compartilhamos longe .
A dor da perda é um teste de nossa capacidade de superação e crescimento pessoal.,Tristeza,dor perda teste capacidade superação crescimento pessoal .
"A tristeza pode ser uma professora severa, mas suas lições são valiosas para nosso amadurecimento.",Tristeza,"tristeza pode professora severa , lições valiosas amadurecimento ."
A corrupção é um veneno que corrói os alicerces de qualquer sociedade.,Raiva,corrupção veneno corrói alicerces qualquer sociedade .
A injustiça é uma chaga que sangra a alma de uma nação.,Raiva,injustiça chaga sangra alma nação .
A opressão é uma violação dos direitos fundamentais de todo ser humano.,Raiva,opressão violação direitos fundamentais todo humano .
